2010,2011,2012,2013,2014,2015,average,Average 2010-2015,Stop ID,Stop Name,
1878788,1937333,2041551,2148667,2188428,2266986,2076958.833,"2,076,958.83",101,Van Cortlandt Park - 242 St,
1067352,902601,1106353,1092492,1209623,1240616,1103172.833,"1,103,172.83",103,238 St,
2660882,2731068,2829503,2757855,2912283,2966015,2809601,"2,809,601.00",104,231 St,
1769012,1476489,1721707,1725406,1846582,1809998,1724865.667,"1,724,865.67",106,Marble Hill - 225 St,
582955,583486,599790,638224,626312,615177,607657.3333,"607,657.33",107,215 St,
1875395,2054287,2205288,1966949,2049587,2090297,2040300.5,"2,040,300.50",108,207 St,
2237661,1212678,1231954,2094538,2298848,2317843,1898920.333,"1,898,920.33",109,Dyckman St,
2344317,2318562,2512719,2598961,2700904,2713440,2531483.833,"2,531,483.83",110,191 St,
3429260,3171483,3496979,3608658,3751020,3779275,3539445.833,"3,539,445.83",111,181 St,
3238373,3259408,3381015,3458058,3481873,3516545,3389212,"3,389,212.00",113,157 St,
3115174,3138419,3289827,3274106,3364151,3338110,3253297.833,"3,253,297.83",114,145 St,
4436971,4546654,4634498,4825267,4542044,4646578,4605335.333,"4,605,335.33",115,137 St - City College,
2358252,2438449,2560513,2649847,2578729,2555321,2523518.5,"2,523,518.50",116,125 St,
4774192,4932065,4942022,5044561,4917691,4846181,4909452,"4,909,452.00",117,116 St - Columbia University,
4220891,4440822,4491643,4557743,4301285,4280482,4382144.333,"4,382,144.33",118,Cathedral Pkwy,
4167100,4302101,4366343,4427199,4199559,4258632,4286822.333,"4,286,822.33",119,103 St,
11526582,11784341,12108040,12582947,13108304,13008596,12353135,"12,353,135.00",120,96 St,
5910540,6128225,6219513,6333352,6519979,6464625,6262705.667,"6,262,705.67",121,86 St,
5113161,5330857,5292422,5438078,5601595,5534255,5385061.333,"5,385,061.33",122,79 St,
12136784,12784301,13043031,13456906,13375012,13341361,13022899.17,"13,022,899.17",123,72 St,
6783446,7089390,7367599,7527781,7772308,7790234,7388459.667,"7,388,459.67",124,66 St - Lincoln Center,
7465528,7647852,7927578,8074270,8450496,8266677,7972066.833,"7,972,066.83",126,50 St,
26892243,26758623,27010176,27730331,28638643,28309160,27556529.33,"27,556,529.33",128,34 St - Penn Station,
3941656,4093901,4346501,4548738,4666347,4665377,4377086.667,"4,377,086.67",129,28 St,
4517687,4622230,4654520,4818903,4883773,4884678,4730298.5,"4,730,298.50",130,23 St,
2435685,2497134,2533877,2585522,2622558,2676304,2558513.333,"2,558,513.33",131,18 St,
3454080,3471186,3435088,3433544,3480159,3363949,3439667.667,"3,439,667.67",133,Christopher St - Sheridan Sq,
3966857,4225089,4287926,4510538,4562690,4377409,4321751.5,"4,321,751.50",134,Houston St,
1720337,1785923,1727415,1787110,1859071,1830920,1785129.333,"1,785,129.33",135,Canal St,
1719780,1777323,1714218,1703889,1745841,1731354,1732067.5,"1,732,067.50",136,Franklin St,
6273448,6554728,6603287,6755281,6973674,7054771,6702531.5,"6,702,531.50",137,Chambers St,
0,0,0,0,0,0,0,0.00,138,Cortlandt St,
2366733,2636681,3055453,3398383,3393420,3042815,2982247.5,"2,982,247.50",139,Rector St,
1471501,1560698,1603076,1528793,1669608,1654707,1581397.167,"1,581,397.17",201,Wakefield - 241 St,
1001851,1025004,1086227,1195804,1183733,1162973,1109265.333,"1,109,265.33",204,Nereid Av,
1614436,1655372,1674406,1719181,1803693,1762923,1705001.833,"1,705,001.83",205,233 St,
1283398,1336790,1382626,1400377,1445591,1439495,1381379.5,"1,381,379.50",206,225 St,
1024424,1032343,1063058,1099491,1124522,1108859,1075449.5,"1,075,449.50",207,219 St,
2101823,2176939,2235325,2304780,2477798,2449555,2291036.667,"2,291,036.67",208,Gun Hill Rd,
1060008,1036169,1086792,1133298,1158787,1139826,1102480,"1,102,480.00",209,Burke Av,
1668896,1602390,1689145,1747352,1829712,1821628,1726520.5,"1,726,520.50",210,Allerton Av,
2703568,2701431,2882651,3028494,3084862,3066190,2911199.333,"2,911,199.33",211,Pelham Pkwy,
888162,826356,860554,914831,933109,877311,883387.1667,"883,387.17",212,Bronx Park East,
1852836,2164608,2098429,2152570,2445421,2368031,2180315.833,"2,180,315.83",213,E 180 St,
2520377,2391352,2428999,2514240,2567773,2437882,2476770.5,"2,476,770.50",214,West Farms Sq - E Tremont Av,
2239254,2161875,2152009,2301756,2374812,2313651,2257226.167,"2,257,226.17",215,174 St,
1332285,1348014,1393186,1486965,1517066,1492757,1428378.833,"1,428,378.83",216,Freeman St,
3057192,2901513,2810789,3027856,3121036,3048014,2994400,"2,994,400.00",217,Simpson St,
908596,902216,937280,1048501,1095221,1039265,988513.1667,"988,513.17",218,Intervale Av,
2326054,2209945,2125066,2311798,2445131,2394820,2302135.667,"2,302,135.67",219,Prospect Av,
1624212,1573302,1520612,1686061,1753555,1731638,1648230,"1,648,230.00",220,Jackson Av,
7239167,7232070,7525904,7310115,7763151,7363663,7405678.333,"7,405,678.33",221,3 Av - 149 St,
4043860,4344677,4477110,4672352,4932623,4949583,4570034.167,"4,570,034.17",224,135 St,
4317843,4518487,4635697,4917465,5103216,5121518,4769037.667,"4,769,037.67",225,125 St,
3225207,3439949,3584234,3715803,3845140,3948545,3626479.667,"3,626,479.67",226,116 St,
2532019,2724841,2808386,2932790,3110140,3188551,2882787.833,"2,882,787.83",227,Central Park North (110 St),
6919577,7016078,7034940,7473489,7845023,7650853,7323326.667,"7,323,326.67",230,Wall St,
1711829,1754204,1855650,1972314,2018876,1997148,1885003.5,"1,885,003.50",231,Clark St,
1839662,1922916,1978582,2033085,2181465,2249892,2034267,"2,034,267.00",233,Hoyt St,
3566500,3524471,3454621,3477861,3580156,3310625,3485705.667,"3,485,705.67",234,Nevins St,
1265510,1326721,1397036,1296199,1236513,1210571,1288758.333,"1,288,758.33",236,Bergen St,
2369355,2417351,2507555,2556750,2505721,2433907,2465106.5,"2,465,106.50",237,Grand Army Plaza,
1590190,1568924,1578613,1674856,1665524,1676659,1625794.333,"1,625,794.33",238,Eastern Pkwy - Brooklyn Museum,
1130601,1133831,1142008,1216019,1221048,1243976,1181247.167,"1,181,247.17",241,President St,
1743151,1787824,1803628,1866122,1785975,1822524,1801537.333,"1,801,537.33",242,Sterling St,
2110081,2173945,2171267,2275444,2263671,2241716,2206020.667,"2,206,020.67",243,Winthrop St,
2994162,3057877,2987887,3059215,3020066,3070551,3031626.333,"3,031,626.33",244,Church Av,
1231592,1276466,1274789,1364573,1360719,1392643,1316797,"1,316,797.00",245,Beverly Rd,
2347178,2352060,2279365,2393978,2431300,2476287,2380028,"2,380,028.00",246,Newkirk Av,
6335954,6547958,6384496,6562226,6447908,6487608,6461025,"6,461,025.00",247,Flatbush Av - Brooklyn College,
1290482,1324424,1313227,1327377,1358826,1386067,1333400.5,"1,333,400.50",248,Nostrand Av,
1485344,1519113,1515277,1545567,1564089,1573003,1533732.167,"1,533,732.17",249,Kingston Av,
8498343,8438284,8469613,8534705,8690082,8965908,8599489.167,"8,599,489.17",250,Crown Hts - Utica Av,
2317306,2370949,2288256,2419794,2467381,2420464,2380691.667,"2,380,691.67",251,Sutter Av - Rutland Rd,
1699652,1743578,1676421,1777399,1791700,2442282,1855172,"1,855,172.00",252,Saratoga Av,
1787382,1792136,1682755,1753354,1763824,526505,1550992.667,"1,550,992.67",253,Rockaway Av,
672366,678990,660013,690625,727369,928235,726266.3333,"726,266.33",254,Junius St,
1805195,1805956,1690851,1752108,1746438,2111790,1818723,"1,818,723.00",255,Pennsylvania Av,
1023416,1061359,1016466,1060055,1048755,304082,919022.1667,"919,022.17",256,Van Siclen Av,
1885350,1954353,1857630,1975478,2038532,2155220,1977760.5,"1,977,760.50",257,New Lots Av,
989568,1101666,1110842,1171372,1209633,1269910,1142165.167,"1,142,165.17",301,Harlem - 148 St,
873390,981914,1014623,1073259,1114674,1137484,1032557.333,"1,032,557.33",302,145 St,
2379276,2494092,2417765,2423278,2375663,2418890,2418160.667,"2,418,160.67",401,Woodlawn,
2913786,2961522,2906150,2917501,2886764,2891451,2912862.333,"2,912,862.33",402,Mosholu Pkwy,
1786305,1835965,1796392,1853706,1827260,1863892,1827253.333,"1,827,253.33",405,Bedford Park Blvd - Lehman College,
3037572,3169615,3173688,3198725,3149605,3171646,3150141.833,"3,150,141.83",406,Kingsbridge Rd,
3866249,3966339,3947625,3946955,3857749,3892140,3912842.833,"3,912,842.83",407,Fordham Rd,
1945021,1978737,1997038,2002633,2007140,2057944,1998085.5,"1,998,085.50",408,183 St,
3533604,3528312,3508076,3560191,3558297,3641720,3555033.333,"3,555,033.33",409,Burnside Av,
1445219,1720629,1764100,1837995,1848854,1969221,1764336.333,"1,764,336.33",410,176 St,
1843698,1814951,1818870,1848483,1824861,1844131,1832499,"1,832,499.00",411,Mt Eden Av,
2950997,2954573,2980786,2961575,2941958,3045205,2972515.667,"2,972,515.67",412,170 St,
2931947,2978748,3039634,3081534,3067345,3180274,3046580.333,"3,046,580.33",413,167 St,
898509,917911,939284,957984,1033559,1056380,967271.1667,"967,271.17",416,138 St - Grand Concourse,
6393591,6526692,6658687,7231884,7437325,6708745,6826154,"6,826,154.00",419,Wall St,
7770956,7793614,7990789,9081649,10261064,9153462,8675255.667,"8,675,255.67",420,Bowling Green,
1258858,1309695,1366077,1441375,1380334,1330123,1347743.667,"1,347,743.67",501,Eastchester - Dyre Av,
1087618,1106959,1161075,1234050,1186372,1137693,1152294.5,"1,152,294.50",502,Baychester Av,
1713288,1683011,1757377,1792707,1716952,1639924,1717209.833,"1,717,209.83",503,Gun Hill Rd,
883490,897433,923188,919689,907735,894727,904377,"904,377.00",504,Pelham Pkwy,
535823,554320,589170,631930,621945,629282,593745,"593,745.00",505,Morris Park,
1997392,2062525,2030215,2096130,2318533,2337689,2140414,"2,140,414.00",601,Pelham Bay Park,
895193,991171,1008640,1111659,637600,661527,884298.3333,"884,298.33",602,Buhre Av,
546692,559746,566771,441950,661242,795762,595360.5,"595,360.50",603,Middletown Rd,
1885522,1993343,1964525,2043649,2177402,2056555,2020166,"2,020,166.00",604,Westchester Sq - E Tremont Av,
759280,825755,849815,985388,599478,492883,752099.8333,"752,099.83",606,Zerega Av,
2345255,2341370,2327404,1756879,1491030,2174412,2072725,"2,072,725.00",607,Castle Hill Av,
3944729,4851182,4687402,5215409,5586943,5224959,4918437.333,"4,918,437.33",608,Parkchester,
1655340,463809,1212796,1280074,1315456,1320571,1208007.667,"1,208,007.67",609,St Lawrence Av,
730517,3028145,2057570,2096942,2125383,2097203,2022626.667,"2,022,626.67",610,Morrison Av- Sound View,
2864031,721362,1936349,2041453,2084044,2080228,1954577.833,"1,954,577.83",611,Elder Av,
163461,726747,524988,534489,543798,545079,506427,"506,427.00",612,Whitlock Av,
3248970,3191706,3204779,3158343,3138131,3305563,3207915.333,"3,207,915.33",613,Hunts Point Av,
1026772,1067960,1065764,1087990,1098022,1088970,1072579.667,"1,072,579.67",614,Longwood Av,
1351873,1383455,1403118,1457795,1460311,1479241,1422632.167,"1,422,632.17",615,E 149 St,
256277,280840,285464,273895,279012,298462,278991.6667,"278,991.67",616,E 143 St - St Mary's St,
1158742,1142381,1097947,1186696,1226878,1228311,1173492.5,"1,173,492.50",617,Cypress Av,
1902909,1950893,1901192,1970010,2002825,1981721,1951591.667,"1,951,591.67",618,Brook Av,
2190627,2280268,2304717,2443326,2534036,2531974,2380824.667,"2,380,824.67",619,3 Av - 138 St,
8834429,8868272,8965496,9290210,9574765,9586567,9186623.167,"9,186,623.17",621,125 St,
5100170,5253753,5264035,5347692,5370343,5324072,5276677.5,"5,276,677.50",622,116 St,
3722821,3771563,3740549,3841826,3955522,4209449,3873621.667,"3,873,621.67",623,110 St,
4799555,4901637,4861001,5038138,5198601,4031201,4805022.167,"4,805,022.17",624,103 St,
7458694,7753114,7708346,7785646,7958453,8294978,7826538.5,"7,826,538.50",625,96 St,
19147021,19425347,19686985,20528208,20735032,20890828,20068903.5,"20,068,903.50",626,86 St,
10819466,11163007,11109431,11167386,11454604,11014861,11121459.17,"11,121,459.17",627,77 St,
10165641,10481234,10373302,10520477,10545971,10237854,10387413.17,"10,387,413.17",628,68 St - Hunter College,
9090245,9220240,9374676,9756409,9798598,9701723,9490315.167,"9,490,315.17",632,33 St,
6621732,6741400,6688570,7076992,7107083,7214293,6908345,"6,908,345.00",633,28 St,
8925824,8999142,8901705,9200337,9033835,8627481,8948054,"8,948,054.00",634,23 St,
5623822,5571077,5535996,5775276,5751688,5447655,5617585.667,"5,617,585.67",636,Astor Pl,
3727534,3887184,3999949,4123703,4169799,3804403,3952095.333,"3,952,095.33",638,Spring St,
18630490,18967751,19034789,19102434,19085948,19082391,18983967.17,"18,983,967.17",701,Flushing - Main St,
1856485,1729243,1693024,1902121,1875472,2120859,1862867.333,"1,862,867.33",702,Mets - Willets Point,
3457250,3494533,3473313,3607926,3659225,3699843,3565348.333,"3,565,348.33",705,111 St,
5831332,6095306,6130376,6314870,6464627,6527196,6227284.5,"6,227,284.50",706,103 St - Corona Plaza,
7140456,6963489,6784942,6816700,6946966,7064435,6952831.333,"6,952,831.33",707,Junction Blvd,
5482132,5480782,5428872,5513135,5480059,5489630,5479101.667,"5,479,101.67",708,90 St - Elmhurst Av,
1696216,1649055,1647057,1671584,1685222,1629526,1663110,"1,663,110.00",709,82 St - Jackson Hts,
1696216,1649055,1647057,1671584,1685222,1629526,1663110,"1,663,110.00",711,69 St,
5394103,5382589,5273308,5330760,5356621,5432682,5361677.167,"5,361,677.17",712,Woodside - 61 St,
2080234,2117202,2138307,2182725,2214115,2177884,2151744.5,"2,151,744.50",713,52 St,
4704924,4683092,4638262,4734334,4695672,4593351,4674939.167,"4,674,939.17",714,46 St,
3370172,3378636,3393418,3483507,3496675,3421569,3423996.167,"3,423,996.17",715,40 St,
3729133,3707015,3752701,3899003,3892589,3712153,3782099,"3,782,099.00",716,33 St,
1623490,1655252,1704114,1710103,1791109,1848769,1722139.5,"1,722,139.50",720,Hunters Point Av,
3110952,3170128,3357030,3726974,4169876,4462652,3666268.667,"3,666,268.67",721,Vernon Blvd - Jackson Av,
0,0,0,0,0,692165,115360.8333,"115,360.83",726,34 St - 11 Av,
7325739,7500154,7503282,7884456,8090476,8009233,7718890,"7,718,890.00",112-A09,168 St - Washington Hts / 168 St,
20711058,21300892,21599586,22774421,23566961,23299666,22208764,"22,208,764.00",125-A24,59 St - Columbus Circle / 59 St - Columbus Circle,
8807719,9073709,8123655,6192660,7116897,8750364,8010834,"8,010,834.00",140-R27,South Ferry Loop / Whitehall St,
3979328,4169699,4104847,4427399,4536888,4424754,4273819.167,"4,273,819.17",222-415,149 St - Grand Concourse / 149 St - Grand Concourse,
18303963,17971983,17868334,18721694,20102397,21671684,19106675.83,"19,106,675.83",229-418-A38-M22,Fulton St / Fulton St / Fulton St / Fulton St,
4433981,4712492,4934593,5125782,5377967,5100038,4947475.5,"4,947,475.50",239-S04,Franklin Av / Botanic Garden,
8434247,8605893,8831015,8766012,8961029,8922188,8753397.333,"8,753,397.33",414-D11,161 St - Yankee Stadium / 161 St - Yankee Stadium,
19553597,20377141,20628942,21282767,21557198,21407792,20801239.5,"20,801,239.50",629-R11,59 St / Lexington Av/59 St,
18025148,18948032,19280036,20262110,20513370,20479923,19584769.83,"19,584,769.83",630-F11,51 St / Lexington Av/53 St,
11062580,11651990,11792114,12560629,12913327,12666868,12107918,"12,107,918.00",637-D21,Bleecker St / Broadway-Lafayette St,
16007057,15577018,15529659,15227139,15104077,15094135,15423180.83,"15,423,180.83",639-M20-Q01-R23,Canal St / Canal St / Canal St / Canal St,
10783128,10681037,10650508,10721984,10938927,10481576,10709526.67,"10,709,526.67",640-M21,Brooklyn Bridge - City Hall / Chambers St,
16279556,16377496,16366669,16864938,17087795,17224537,16700165.17,"16,700,165.17",710-G14,74 St - Broadway / Jackson Hts - Roosevelt Av,
2813789,3047146,3350219,3569290,3785260,3773168,3389812,"3,389,812.00",718-R09,Queensboro Plaza / Queensboro Plaza,
13979224,14752187,14917245,15527439,15896805,16220605,15215584.17,"15,215,584.17",724-D16,5 Av / 42 St - Bryant Pk,
41903210,42795505,42984249,44893301,46074652,46737564,44231413.5,"44,231,413.50",901-631-723,Grand Central - 42 St / Grand Central - 42 St / Grand Central - 42 St,
58422597,60604822,62069437,63617614,65948730,66359208,62837068,"62,837,068.00",902-A27-R16-127-725,Times Sq - 42 St / 42 St - Port Authority Bus Terminal / Times Sq - 42 St / Times Sq - 42 St / Times Sq - 42 St,
2747423,3079573,2795992,2897438,2981271,3068931,2928438,"2,928,438.00",A02,Inwood - 207 St,
1931287,2326780,2344316,2112706,2158170,2244154,2186235.5,"2,186,235.50",A03,Dyckman St,
1287568,1445656,1473807,1472564,1458911,1530460,1444827.667,"1,444,827.67",A05,190 St,
3106184,3245786,3242555,3309493,3456161,3628174,3331392.167,"3,331,392.17",A06,181 St,
3783719,4029936,4028015,4154792,4187473,4197373,4063551.333,"4,063,551.33",A07,175 St,
1193933,1221336,1230018,1317493,1390615,1395260,1291442.5,"1,291,442.50",A10,163 St - Amsterdam Av,
735801,792465,798881,822333,852716,842826,807503.6667,"807,503.67",A11,155 St,
6694537,6948193,7048936,7432177,7778992,7923696,7304421.833,"7,304,421.83",A12-D13,145 St / 145 St,
1511387,1575802,1633467,1722204,1731602,1693561,1644670.5,"1,644,670.50",A14,135 St,
8003946,8173608,8427453,8932680,9342667,9558837,8739865.167,"8,739,865.17",A15,125 St,
1921860,1944599,2000033,2122084,2234662,2246138,2078229.333,"2,078,229.33",A16,116 St,
2159675,2166542,2207790,2301545,2351549,2376166,2260544.5,"2,260,544.50",A17,Cathedral Pkwy (110 St),
1556919,1453267,1472319,1528633,1555514,1521132,1514630.667,"1,514,630.67",A18,103 St,
2731945,2775904,2829949,2979535,3089701,3084906,2915323.333,"2,915,323.33",A19,96 St,
3204204,3238616,3300644,3408922,3515551,3474343,3357046.667,"3,357,046.67",A20,86 St,
4063020,4116976,4232404,4477625,4561347,4584041,4339235.5,"4,339,235.50",A21,81 St - Museum of Natural History,
2760109,2787379,2832934,2942517,3015722,2979236,2886316.167,"2,886,316.17",A22,72 St,
5407322,5573587,5714183,6259935,6867521,6826275,6108137.167,"6,108,137.17",A25,50 St,
24265016,24751771,24851746,25726374,26493571,26147434,25372652,"25,372,652.00",A28,34 St - Penn Station,
6707382,7001778,7155940,7629811,7923005,7844508,7377070.667,"7,377,070.67",A30,23 St,
11795495,12415290,13044037,13903211,14340856,14763727,13377102.67,"13,377,102.67",A31-L01,14 St / 8 Av,
12295023,12506322,12727443,13533369,13942101,14147148,13191901,"13,191,901.00",A32-D20,W 4 St / W 4 St,
3301437,3589809,3718956,3874428,3965206,3782314,3705358.333,"3,705,358.33",A33,Spring St,
5351984,5646937,5612068,5922371,6013138,6011243,5759623.5,"5,759,623.50",A34,Canal St,
1968091,2093306,2209212,2441136,2687244,2656705,2342615.667,"2,342,615.67",A40,High St,
10488087,11149629,11492780,11793956,12197352,12765132,11647822.67,"11,647,822.67",A41-R29,Jay St - MetroTech / Jay St - MetroTech,
2923091,2968639,2990881,2971379,2961316,3038302,2975601.333,"2,975,601.33",A42,Hoyt - Schermerhorn Sts,
1525942,1556902,1582360,1638947,1617464,1631737,1592225.333,"1,592,225.33",A43,Lafayette Av,
1707500,1819542,1891559,2104035,2077312,2060200,1943358,"1,943,358.00",A44,Clinton - Washington Avs,
1768472,1904736,1982691,2049246,2125076,2137752,1994662.167,"1,994,662.17",A45-S01,Franklin Av / Franklin Av,
4863842,5139201,5283444,5510841,5439806,5762163,5333216.167,"5,333,216.17",A46,Nostrand Av,
1571551,1659127,1703474,1834623,1887628,1992480,1774813.833,"1,774,813.83",A47,Kingston - Throop Avs,
4272623,4437282,4530536,4726582,4878678,5060099,4650966.667,"4,650,966.67",A48,Utica Av,
1529747,1585546,1625548,1719602,1787157,1867793,1685898.833,"1,685,898.83",A49,Ralph Av,
1499681,1548571,1574733,1615457,1641268,1721297,1600167.833,"1,600,167.83",A50,Rockaway Av,
837165,817481,796044,810031,807678,858554,821158.8333,"821,158.83",A52,Liberty Av,
893234,901530,897528,941172,967947,1019100,936751.8333,"936,751.83",A53,Van Siclen Av,
917964,930613,945113,988620,1027404,1059106,978136.6667,"978,136.67",A54,Shepherd Av,
3004395,3100867,3115445,3323235,3315007,3509500,3228074.833,"3,228,074.83",A55,Euclid Av,
1910245,1953637,1952581,1958503,2041848,2084651,1983577.5,"1,983,577.50",A57,Grant Av,
1259783,1283827,1294099,1310413,1507116,1465264,1353417,"1,353,417.00",A59,80 St,
790264,805054,792615,808822,613296,1011163,803535.6667,"803,535.67",A60,88 St,
2353592,2373967,2446937,2637100,2575171,1729268,2352672.5,"2,352,672.50",A61,Rockaway Blvd,
503835,523212,507774,516000,388144,538400,496227.5,"496,227.50",A63,104 St,
771073,798886,796622,795820,802831,767647,788813.1667,"788,813.17",A64,111 St,
2221497,2286542,2246624,2262961,2263109,2224331,2250844,"2,250,844.00",A65,Ozone Park - Lefferts Blvd,
2653708,2707275,2654261,2631860,2683624,2884831,2702593.167,"2,702,593.17",B04,21 St - Queensbridge,
2580003,2114468,2026567,1948925,1870476,1966493,2084488.667,"2,084,488.67",B06,Roosevelt Island,
4889704,4722939,4566850,4462467,4479963,4718159,4640013.667,"4,640,013.67",B08,Lexington Av/63 St,
4510875,4630781,4408190,4520733,4603639,4720245,4565743.833,"4,565,743.83",B10,57 St,
1863019,1681423,1668767,1896942,1938987,1843944,1815513.667,"1,815,513.67",B12,9 Av,
1154051,1103024,1025285,1240644,1317172,1297755,1189655.167,"1,189,655.17",B13,Fort Hamilton Pkwy,
942902,897609,941157,1021409,1009971,968612,963610,"963,610.00",B14,50 St,
580913,586282,546080,601931,603320,595157,585613.8333,"585,613.83",B15,55 St,
1692800,1768935,1931306,1654945,1716638,1857740,1770394,"1,770,394.00",B16-N04,62 St / New Utrecht Av,
1332009,1115321,1191257,1446020,1481633,1487929,1342361.5,"1,342,361.50",B17,71 St,
1728820,1633616,1651785,1949861,2041896,2043471,1841574.833,"1,841,574.83",B18,79 St,
1752952,1654305,1661770,1954729,1996205,1925239,1824200,"1,824,200.00",B19,18 Av,
1409313,1370001,1377648,1547029,1564060,1592525,1476762.667,"1,476,762.67",B20,20 Av,
2107643,2018400,2038864,2298420,2362284,2368617,2199038,"2,199,038.00",B21,Bay Pkwy,
1328491,1266146,1206526,1421090,1488192,1508412,1369809.5,"1,369,809.50",B22,25 Av,
969133,920243,777836,847843,884302,872953,878718.3333,"878,718.33",B23,Bay 50 St,
2410949,2472094,2463462,2569581,2709761,2750124,2562661.833,"2,562,661.83",D01,Norwood - 205 St,
1885231,1914096,1929623,2040887,2136860,2196065,2017127,"2,017,127.00",D03,Bedford Park Blvd,
2285401,2275576,2255556,2390749,2562374,2530782,2383406.333,"2,383,406.33",D04,Kingsbridge Rd,
3681362,3680312,3655007,3876601,4028205,3905346,3804472.167,"3,804,472.17",D05,Fordham Rd,
1495831,1489026,1447028,1520856,1604218,1643266,1533370.833,"1,533,370.83",D06,182-183 Sts,
2709632,2772602,2791329,2952385,3130848,3155197,2918665.5,"2,918,665.50",D07,Tremont Av,
1451367,1492092,1496869,1598189,1719504,1695879,1575650,"1,575,650.00",D08,174-175 Sts,
1940700,1988409,2032837,2174082,2297459,2286670,2120026.167,"2,120,026.17",D09,170 St,
2907900,2952368,2972535,3091289,3245977,3295032,3077516.833,"3,077,516.83",D10,167 St,
1241223,1248295,1257551,1281168,1299098,1306282,1272269.5,"1,272,269.50",D12,155 St,
4136423,4297779,4384090,4744808,5092341,5252615,4651342.667,"4,651,342.67",D14,7 Av,
16517856,17466013,17091251,17759382,18236646,18469446,17590099,"17,590,099.00",D15,47-50 Sts - Rockefeller Ctr,
37769752,37731386,37154138,38213448,39285568,39541865,38282692.83,"38,282,692.83",D17-R17,34 St - Herald Sq / 34 St - Herald Sq,
7394628,7911886,8078511,8446249,8678810,8942154,8242039.667,"8,242,039.67",D18,23 St,
7746428,7770139,7658249,7994060,8131543,8010864,7885213.833,"7,885,213.83",D22,Grand St,
3064214,2953368,2824839,2905400,2932926,2980366,2943518.833,"2,943,518.83",D25,7 Av,
2867309,2815199,2892200,3190679,3312727,3327301,3067569.167,"3,067,569.17",D26,Prospect Park,
2050518,2098007,1812362,1381093,1617878,1692567,1775404.167,"1,775,404.17",D27,Parkside Av,
4654613,4665059,4982615,5603898,5482093,5707573,5182641.833,"5,182,641.83",D28,Church Av,
1070872,1095502,950243,737652,838970,899663,932150.3333,"932,150.33",D29,Beverley Rd,
2086918,2135444,1992781,1700177,1806758,1961144,1947203.667,"1,947,203.67",D30,Cortelyou Rd,
2867372,2999870,3021079,3380559,3302958,3432907,3167457.5,"3,167,457.50",D31,Newkirk Plaza,
662564,521818,823237,875106,896279,899662,779777.6667,"779,777.67",D32,Avenue H,
2059453,2085557,1807574,1867576,1850087,1848674,1919820.167,"1,919,820.17",D33,Avenue J,
1351418,1345774,1608901,1730576,1731955,1733583,1583701.167,"1,583,701.17",D34,Avenue M,
5755515,5311662,5453084,5697467,5693562,5905481,5636128.5,"5,636,128.50",D35,Kings Hwy,
1325173,2136714,2071874,2176073,2175035,2231577,2019407.667,"2,019,407.67",D37,Avenue U,
791867,1242661,1148708,1218313,1232947,1305776,1156712,"1,156,712.00",D38,Neck Rd,
4481755,4096449,4148629,4205275,4201776,4296566,4238408.333,"4,238,408.33",D39,Sheepshead Bay,
3995043,3842789,3781554,3810743,3872092,4014831,3886175.333,"3,886,175.33",D40,Brighton Beach,
1057060,1033582,983972,990091,969271,1022215,1009365.167,"1,009,365.17",D41,Ocean Pkwy,
867792,814749,767921,702810,741345,789416,780672.1667,"780,672.17",D42,W 8 St - NY Aquarium,
4768416,4649438,4733106,4690794,4980140,5132083,4825662.833,"4,825,662.83",D43,Coney Island - Stillwell Av,
14760127,15458781,15364366,15641210,16088983,16910084,15703925.17,"15,703,925.17",E01-228-A36,World Trade Center / Park Pl / Chambers St,
6711779,6818728,6767423,6868439,6818494,6898938,6813966.833,"6,813,966.83",F01,Jamaica - 179 St,
2679080,2781001,2759602,2834112,2854274,2858542,2794435.167,"2,794,435.17",F02,169 St,
1903041,1920497,1950852,2035948,2052252,2094007,1992766.167,"1,992,766.17",F03,Parsons Blvd,
1465324,1470022,1468970,1550363,1468419,1506607,1488284.167,"1,488,284.17",F04,Sutphin Blvd,
1752198,1730276,1563242,1427813,1427017,1479278,1563304,"1,563,304.00",F05,Briarwood - Van Wyck Blvd,
8170406,8179749,8296905,8609185,8363109,8354731,8329014.167,"8,329,014.17",F06,Kew Gardens - Union Tpke,
1134336,1171380,1130707,1155836,1131705,1136305,1143378.167,"1,143,378.17",F07,75 Av,
6309404,6519696,6744422,7298061,7543062,7597212,7001976.167,"7,001,976.17",F12,5 Av/53 St,
5627896,5728217,5706955,5999079,5772265,5847710,5780353.667,"5,780,353.67",F14,2 Av,
6745791,7172867,7280936,7759914,7909365,8226975,7515974.667,"7,515,974.67",F15-M18,Delancey St / Essex St,
4001149,4057707,4021679,4208654,4379909,4576662,4207626.667,"4,207,626.67",F16,East Broadway,
2041208,2251649,2344141,2666502,2760385,2900416,2494050.167,"2,494,050.17",F18,York St,
3296466,3452452,3529174,3650848,3711317,3708300,3558092.833,"3,558,092.83",F20,Bergen St,
3025719,3598477,3961111,3782675,3616947,3672702,3609605.167,"3,609,605.17",F21,Carroll St,
1501360,577571,0,926087,1539209,1636221,1030074.667,"1,030,074.67",F22,Smith - 9 Sts,
3672622,4020665,4300400,4210873,4120946,4199208,4087452.333,"4,087,452.33",F23-R33,4 Av / 9 St,
3397045,3934545,3699471,3904986,3886594,3780126,3767127.833,"3,767,127.83",F24,7 Av,
1922348,1449241,1852346,2005424,2017347,2011237,1876323.833,"1,876,323.83",F25,15 St - Prospect Park,
1509737,1292131,1538039,1688093,1729381,1792239,1591603.333,"1,591,603.33",F26,Fort Hamilton Pkwy,
2968167,3271729,3081142,3193844,3201585,3353795,3178377,"3,178,377.00",F27,Church Av,
1377549,1392790,1404811,1455737,1437835,1033946,1350444.667,"1,350,444.67",F29,Ditmas Av,
1287551,1306839,1294568,1313344,1277024,1392552,1311979.667,"1,311,979.67",F30,18 Av,
708788,696851,684241,699582,696140,672710,693052,"693,052.00",F31,Avenue I,
427277,434564,464906,487308,478322,460536,458818.8333,"458,818.83",F32,Bay Pkwy,
1016781,1049752,1012534,1044429,1050916,1027713,1033687.5,"1,033,687.50",F33,Avenue N,
829508,836317,825620,861095,864424,858733,845949.5,"845,949.50",F34,Avenue P,
1073519,1115062,1117098,1134042,1137784,1202640,1130024.167,"1,130,024.17",F35,Kings Hwy,
723222,696998,707595,717486,699414,716715,710238.3333,"710,238.33",F36,Avenue U,
843207,854737,860597,908520,892170,589962,824865.5,"824,865.50",F38,Avenue X,
516846,536991,505076,523554,512828,531011,521051,"521,051.00",F39,Neptune Av,
11656110,12147163,12204423,12507906,12784635,12622977,12320535.67,"12,320,535.67",G05,Jamaica Center - Parsons/Archer,
6447287,6839255,6975316,7303038,7633725,7767728,7161058.167,"7,161,058.17",G06,Sutphin Blvd - Archer Av - JFK Airport,
1421186,1527249,1552178,1565998,1587413,1545016,1533173.333,"1,533,173.33",G07,Jamaica - Van Wyck,
8137277,8316825,8342293,8573480,8585239,8654547,8434943.5,"8,434,943.50",G08,Forest Hills - 71 Av,
2757795,2791494,2770364,2818350,2851905,2853794,2807283.667,"2,807,283.67",G09,67 Av,
4660828,4891415,4998378,5129203,5272014,5244226,5032677.333,"5,032,677.33",G10,63 Dr - Rego Park,
7307038,7241776,7157320,7157254,7125205,7120037,7184771.667,"7,184,771.67",G11,Woodhaven Blvd,
5564842,5721038,5741626,5832568,5861823,5995764,5786276.833,"5,786,276.83",G12,Grand Av - Newtown,
4228036,4338857,4344648,4343633,4362316,4350714,4328034,"4,328,034.00",G13,Elmhurst Av,
1065702,1098734,1131591,1124823,1159576,1192281,1128784.5,"1,128,784.50",G15,65 St,
2204923,2184353,2214223,2239136,2290836,2282296,2235961.167,"2,235,961.17",G16,Northern Blvd,
2935729,2964965,2978233,3014082,3021219,2956981,2978534.833,"2,978,534.83",G18,46 St,
4561738,4930914,4866245,4798179,4807448,4779346,4790645,"4,790,645.00",G19,Steinway St,
1128415,1238985,1257059,1278109,1307054,1339754,1258229.333,"1,258,229.33",G20,36 St,
2408523,2550906,2747366,2855006,3005223,3101888,2778152,"2,778,152.00",G21,Queens Plaza,
7249807,6334869,5340581,6072768,6664442,6730837,6398884,"6,398,884.00",G22-719-F09,Court Sq / Court Sq / Court Sq,
319984,364597,469173,422616,427353,533529,422875.3333,"422,875.33",G24,21 St,
2200679,2490286,2521422,2543568,2428027,2902723,2514450.833,"2,514,450.83",G26,Greenpoint Av,
2126804,2396169,2479649,2653526,2760220,2916005,2555395.5,"2,555,395.50",G28,Nassau Av,
4394498,4479022,4643512,5040719,5090344,5238736,4814471.833,"4,814,471.83",G29-L10,Metropolitan Av / Lorimer St,
941243,995856,1023397,1071877,1124407,1313362,1078357,"1,078,357.00",G30,Broadway,
553739,616083,655317,728668,808421,866803,704838.5,"704,838.50",G31,Flushing Av,
1223378,1383197,1440313,1578243,1722392,1875988,1537251.833,"1,537,251.83",G32,Myrtle - Willoughby Avs,
1895163,2012606,2138852,2348998,2513681,2634066,2257227.667,"2,257,227.67",G33,Bedford - Nostrand Avs,
1207680,1308232,1355886,1432872,1477256,1604508,1397739,"1,397,739.00",G34,Classon Av,
1517296,1628558,1637463,1678004,1652336,1716023,1638280,"1,638,280.00",G35,Clinton - Washington Avs,
1098862,1179034,1280063,1394890,1485669,1643353,1346978.5,"1,346,978.50",G36,Fulton St,
29644,54183,0,213601,630644,672734,266801,"266,801.00",H01,Aqueduct Racetrack,
238119,474915,890505,698115,357399,365488,504090.1667,"504,090.17",H02,Aqueduct - N Conduit Av,
908576,928529,1074516,1626984,963503,1041816,1090654,"1,090,654.00",H03,Howard Beach - JFK Airport,
92523,88837,75969,36849,74386,91766,76721.66667,"76,721.67",H04,Broad Channel,
473942,681006,572418,357807,701784,799134,597681.8333,"597,681.83",H06,Beach 67 St,
789468,555937,588970,406698,772376,801015,652410.6667,"652,410.67",H07,Beach 60 St,
143788,225250,161946,91331,181758,197543,166936,"166,936.00",H08,Beach 44 St,
326592,192676,217880,143400,272799,296860,241701.1667,"241,701.17",H09,Beach 36 St,
388387,501037,437602,267585,519843,570312,447461,"447,461.00",H10,Beach 25 St,
1374989,1426835,1217871,806025,1486147,1576988,1314809.167,"1,314,809.17",H11,Far Rockaway - Mott Av,
338595,387012,305397,194416,306284,333006,310785,"310,785.00",H12,Beach 90 St,
215474,198503,193332,100594,200197,214040,187023.3333,"187,023.33",H13,Beach 98 St,
65802,80580,82088,48916,82980,99254,76603.33333,"76,603.33",H14,Beach 105 St,
268625,286902,251080,135956,231407,255542,238252,"238,252.00",H15,Rockaway Park - Beach 116 St,
663832,694567,664855,688985,766469,788674,711230.3333,"711,230.33",J12,121 St,
781872,805590,764882,780300,802275,812055,791162.3333,"791,162.33",J13,111 St,
760419,782115,755193,779537,827890,841545,791116.5,"791,116.50",J14,104 St,
1285323,1357800,1328319,1398536,1505920,1551590,1404581.333,"1,404,581.33",J15,Woodhaven Blvd,
1100059,1138842,1125639,1157863,1212661,1239793,1162476.167,"1,162,476.17",J16,85 St - Forest Pkwy,
1102869,1128911,1107947,1138544,1172162,1196186,1141103.167,"1,141,103.17",J17,75 St,
419062,435446,411495,432557,450480,452936,433662.6667,"433,662.67",J19,Cypress Hills,
1464238,1514075,1504645,1509290,1583134,1626727,1533684.833,"1,533,684.83",J20,Crescent St,
1056263,1065062,1097011,1095573,1145643,1159274,1103137.667,"1,103,137.67",J21,Norwood Av,
970732,1002848,1029708,1050261,1107397,1120403,1046891.5,"1,046,891.50",J22,Cleveland St,
828566,886663,893665,913115,943663,966461,905355.5,"905,355.50",J23,Van Siclen Av,
712714,759581,772447,770075,784998,814578,769065.5,"769,065.50",J24,Alabama Av,
898984,966989,964735,938803,959091,1045698,962383.3333,"962,383.33",J28,Chauncey St,
1730267,1805490,1800505,1845755,1968526,2083683,1872371,"1,872,371.00",J29,Halsey St,
1749349,1870109,1901060,1895878,1984486,2100864,1916957.667,"1,916,957.67",J30,Gates Av,
1401401,1468119,1482044,1515244,1521002,1593719,1496921.5,"1,496,921.50",J31,Kosciuszko St,
15029178,15199211,15487097,15844699,16215866,16121318,15649561.5,"15,649,561.50",L02-132-D19,6 Av / 14 St / 14 St,
2060364,2048408,2182023,2310062,2473561,2386533,2243491.833,"2,243,491.83",L05,3 Av,
6936132,7050336,7296576,7735905,8111070,7702110,7472021.5,"7,472,021.50",L06,1 Av,
7418203,7738863,8342397,9214395,9892516,9388289,8665777.167,"8,665,777.17",L08,Bedford Av,
3028830,3054897,3086342,3179579,3402514,3293413,3174262.5,"3,174,262.50",L11,Graham Av,
2103847,2135063,2145374,2260023,2414872,2242757,2216989.333,"2,216,989.33",L12,Grand St,
1951066,1983449,2075901,2178772,2335128,2334271,2143097.833,"2,143,097.83",L13,Montrose Av,
2021162,2114813,2262826,2373595,2513823,2453723,2289990.333,"2,289,990.33",L14,Morgan Av,
1740644,1815391,1906878,2136772,2425983,2514292,2089993.333,"2,089,993.33",L15,Jefferson St,
3343666,3382468,3495896,3712102,3924836,3938538,3632917.667,"3,632,917.67",L16,DeKalb Av,
5399769,5358434,5662633,5982615,6381800,6464630,5874980.167,"5,874,980.17",L17-M08,Myrtle - Wyckoff Avs / Myrtle - Wyckoff Avs,
2019248,2037729,2136529,2317512,2492974,2465693,2244947.5,"2,244,947.50",L19,Halsey St,
1089448,1093030,1115994,1243700,1393045,1407098,1223719.167,"1,223,719.17",L20,Wilson Av,
398834,405385,427032,490042,563577,598393,480543.8333,"480,543.83",L21,Bushwick Av - Aberdeen St,
2767838,2810713,2862830,2948156,3018656,3133658,2923641.833,"2,923,641.83",L22-A51-J27,Broadway Jct / Broadway Jct / Broadway Jct,
424208,427914,444960,482835,535041,422505,456243.8333,"456,243.83",L24,Atlantic Av,
1280175,1303422,1383957,1449524,1499122,1453567,1394961.167,"1,394,961.17",L25,Sutter Av,
785229,829015,902860,934287,987560,1001522,906745.5,"906,745.50",L26,Livonia Av,
1231257,1304384,1379065,1499902,1583983,1595607,1432366.333,"1,432,366.33",L27,New Lots Av,
1065469,1101683,1110433,1161688,1197125,1187844,1137373.667,"1,137,373.67",L28,E 105 St,
3806903,3865823,3920243,4062690,4175970,4024313,3975990.333,"3,975,990.33",L29,Canarsie - Rockaway Pkwy,
1124754,1220377,1189616,1200171,1300110,1361246,1232712.333,"1,232,712.33",M01,Middle Village - Metropolitan Av,
1453610,1617252,1590304,1534754,1676862,1806429,1613201.833,"1,613,201.83",M04,Fresh Pond Rd,
1045413,1172881,1134938,1179301,1235376,1317289,1180866.333,"1,180,866.33",M05,Forest Av,
670795,758144,716729,711011,755026,842069,742295.6667,"742,295.67",M06,Seneca Av,
1007087,1136213,702426,1018286,1147331,1288025,1049894.667,"1,049,894.67",M09,Knickerbocker Av,
760657,890194,992142,505757,970531,1141731,876835.3333,"876,835.33",M10,Central Av,
2991967,3155344,3257338,3562631,3523740,3687468,3363081.333,"3,363,081.33",M11,Myrtle Av,
2610974,2683278,2776360,2869903,2847691,2991074,2796546.667,"2,796,546.67",M12,Flushing Av,
1404557,1470761,1494085,1523986,1500980,1614154,1501420.5,"1,501,420.50",M13,Lorimer St,
785545,848377,895661,927212,903641,981379,890302.5,"890,302.50",M14,Hewes St,
3276009,3609981,3564065,3681903,3953628,4204877,3715077.167,"3,715,077.17",M16,Marcy Av,
1044394,991686,968629,970576,1057000,1184920,1036200.833,"1,036,200.83",M19,Bowery,
1636627,1473717,1315012,1436506,1662905,1834780,1559924.5,"1,559,924.50",M23,Broad St,
3475890,3484429,3559576,3677764,3851372,3796909,3640990,"3,640,990.00",N02,8 Av,
2045741,2086389,2105486,2200487,2278120,2164028,2146708.5,"2,146,708.50",N03,Fort Hamilton Pkwy,
1676056,1828462,1819255,1641928,1775695,1784992,1754398,"1,754,398.00",N05,18 Av,
1194973,1220065,1245145,1286961,1305487,1279525,1255359.333,"1,255,359.33",N06,20 Av,
2107881,2160569,2221968,2243082,2342792,2298369,2229110.167,"2,229,110.17",N07,Bay Pkwy,
1602420,1601357,1616827,1630749,1687226,1710115,1641449,"1,641,449.00",N08,Kings Hwy,
1263986,1244178,1297870,1211062,1251276,1253349,1253620.167,"1,253,620.17",N09,Avenue U,
770621,796379,811332,801109,837472,859293,812701,"812,701.00",N10,86 St,
5102415,5203409,5233305,5405084,5416919,5407027,5294693.167,"5,294,693.17",R01,Astoria - Ditmars Blvd,
3621730,3850546,3871213,3962838,3914637,3926062,3857837.667,"3,857,837.67",R03,Astoria Blvd,
4459345,4340888,4622323,4776709,4808350,4745260,4625479.167,"4,625,479.17",R04,30 Av,
4078606,4007018,4161120,4325297,4407347,4300632,4213336.667,"4,213,336.67",R05,Broadway,
2354426,2246477,2412794,2462645,2439630,2394564,2385089.333,"2,385,089.33",R06,36 Av,
868691,823763,930291,1012381,1104375,1072026,968587.8333,"968,587.83",R08,39 Av,
5770964,5893657,5941836,5927685,6155019,6017047,5951034.667,"5,951,034.67",R13,5 Av/59 St,
8804794,8613792,8726980,8945751,9314649,9512090,8986342.667,"8,986,342.67",R14,57 St - 7 Av,
8139011,8121552,8186576,8155010,8544694,8029988,8196138.5,"8,196,138.50",R15,49 St,
3044555,3297714,3413315,3520209,3796977,4083143,3525985.5,"3,525,985.50",R18,28 St,
5998303,6659479,6805210,6905704,7348879,7965410,6947164.167,"6,947,164.17",R19,23 St,
34730692,34927178,34639575,35309414,35677468,35320623,35100825,"35,100,825.00",R20-635-L03,14 St - Union Sq / 14 St - Union Sq / Union Sq - 14 St,
5474109,5779126,5663358,5379647,5635598,5894747,5637764.167,"5,637,764.17",R21,8 St - NYU,
5146546,5603783,5508110,5209433,5311765,5386641,5361046.333,"5,361,046.33",R22,Prince St,
2790204,2627822,2094122,1560414,1151646,1828806,2008835.667,"2,008,835.67",R24,City Hall,
1130741,1640638,2062289,1601732,1500040,2713532,1774828.667,"1,774,828.67",R25,Cortlandt St,
2463933,2413512,2053706,1524110,1116833,1896968,1911510.333,"1,911,510.33",R26,Rector St,
11134599,11115037,10988473,11291705,11474717,11360058,11227431.5,"11,227,431.50",R28-232-423,Court St / Borough Hall / Borough Hall,
5079961,5122803,5222096,5223608,5288037,5373388,5218315.5,"5,218,315.50",R30,DeKalb Av,
10478354,10726332,11526090,13122876,13617153,13690678,12193580.5,"12,193,580.50",R31-235-D24,Atlantic Av - Barclays Ctr / Atlantic Av - Barclays Ctr / Atlantic Av - Barclays Ctr,
2126492,2228520,2148505,2058555,2065047,2073096,2116702.5,"2,116,702.50",R32,Union St,
1863247,1930101,1864725,1826064,1827271,1785990,1849566.333,"1,849,566.33",R34,Prospect Av,
1208827,1243737,1198226,1218842,1274939,1221949,1227753.333,"1,227,753.33",R35,25 St,
3567832,3659139,3772420,3826400,3970318,4138929,3822506.333,"3,822,506.33",R36,36 St,
2284356,2328141,2255877,2251217,2323521,2321241,2294058.833,"2,294,058.83",R39,45 St,
2370851,2401105,2357449,2387370,2405353,2374338,2382744.333,"2,382,744.33",R40,53 St,
3867990,3819141,3848745,3968334,4094658,4158863,3959621.833,"3,959,621.83",R41,59 St,
2483394,2538150,2522369,2525470,2597559,2623309,2548375.167,"2,548,375.17",R42,Bay Ridge Av,
1545617,1579635,1600644,1645262,1711410,1723178,1634291,"1,634,291.00",R43,77 St,
3306164,3445470,3515085,3662602,3753132,3747601,3571675.667,"3,571,675.67",R44,86 St,
1719577,1769432,1809829,1830193,1858200,1865038,1808711.5,"1,808,711.50",R45,Bay Ridge - 95 St,
710863,707253,682438,646934,608731,602858,659846.1667,"659,846.17",S03,Park Pl,
,,,,,,,0.00,,,
,,,,,,,0.00,,,
,,,,,,,0.00,,,
,,,,,,,0.00,,,
,,,,,,,0.00,,,
,,,,,,,0.00,,,
,,,,,,,0.00,,,
,,,,,,,0.00,,,
,,,,,,,0.00,,,
,,,,,,,0.00,,,
,,,,,,,0.00,,,
,,,,,,,0.00,,,
,,,,,,,0.00,,,
,,,,,,,0.00,,,
,,,,,,,0.00,,,
,,,,,,,0.00,,,